{"cameraMode":{"drawMode":0,"name":"Shaded","section":"Shading Mode"},"sceneLighting":true,"audioPlay":false,"sceneViewState":{"showFog":false,"showMaterialUpdate":false,"showSkybox":false,"showFlares":false,"showImageEffects":false,"showParticleSystems":true},"in2DMode":false,"pivot":{"x":-0.3666982650756836,"y":-0.8645100593566895,"z":-8.379674911499024},"rotation":{"x":-0.18491220474243165,"y":0.21819372475147248,"z":-0.04214624688029289,"w":-0.9573036432266235},"size":22.0,"orthographic":false}