{"cameraMode":{"drawMode":0,"name":"Shaded","section":"Shading Mode"},"sceneLighting":false,"audioPlay":false,"sceneViewState":{"showFog":false,"showMaterialUpdate":false,"showSkybox":false,"showFlares":false,"showImageEffects":false,"showParticleSystems":true},"in2DMode":false,"pivot":{"x":3.374235153198242,"y":4.635377883911133,"z":6.323759078979492},"rotation":{"x":0.008636693470180035,"y":0.956324577331543,"z":0.028402086347341539,"w":-0.29080259799957278},"size":22.0,"orthographic":false}