{"cameraMode":{"drawMode":0,"name":"Shaded","section":"Shading Mode"},"sceneLighting":true,"audioPlay":false,"sceneViewState":{"showFog":false,"showMaterialUpdate":false,"showSkybox":false,"showFlares":false,"showImageEffects":false,"showParticleSystems":true},"in2DMode":false,"pivot":{"x":2.3695125579833986,"y":0.4400653839111328,"z":-4.983537673950195},"rotation":{"x":-0.16526150703430177,"y":0.20603789389133454,"z":-0.03532741591334343,"w":-0.9638446569442749},"size":35.69788360595703,"orthographic":false}